{"cameraMode":{"drawMode":0,"name":"Shaded","section":"Shading Mode"},"sceneLighting":false,"audioPlay":false,"sceneViewState":{"showFog":true,"showMaterialUpdate":false,"showSkybox":false,"showFlares":true,"showImageEffects":true,"showParticleSystems":true},"in2DMode":false,"pivot":{"x":-2.595663070678711,"y":10.227302551269532,"z":1.1495170593261719},"rotation":{"x":0.10126637667417526,"y":-0.8976526856422424,"z":-0.32563579082489016,"w":-0.2791527509689331},"size":73.37709045410156,"orthographic":false}